type,rise_start,peaks_time,decay_end,peak_values,bg_for_this_peak
3.5C,117993679.54317121,118023733.44376,118024118.25447218,75.78917742416667,40.59943825166666
5.4C,118030118.9636386,118031713.44376,118031864.96482247,94.95760071916666,40.59943825166666
8.3C,118031571.78905381,118032853.44376,118033268.3863492,123.3182787,40.59943825166666
5.0C,118037949.2807391,118041253.44376,118041611.47198093,90.8009133716667,40.59943825166666
5.1C,118046833.63637693,118049533.44376,118049870.4463262,92.04131531333333,40.59943825166666
7.4C,118057058.16899645,118060633.44376,118061238.70851418,114.81348364583332,40.59943825166666
1.0M,118074909.76394238,118076316.44376,118077551.47439682,145.267013955,40.59943825166666